<?xml version="1.0" encoding="UTF-8"?>
<project-private xmlns="http://www.netbeans.org/ns/project-private/1">
    <editor-bookmarks xmlns="http://www.netbeans.org/ns/editor-bookmarks/2" lastBookmarkId="1">
        <file>
            <url>src/catarsisclinica/CatarsisClinica.java</url>
            <bookmark id="1">
                <name/>
                <line>41</line>
                <key/>
            </bookmark>
        </file>
    </editor-bookmarks>
    <open-files xmlns="http://www.netbeans.org/ns/projectui-open-files/2">
        <group>
            <file>file:/C:/Users/pauls/OneDrive/Documents/NetBeansProjects/CatarsisClinica/src/catarsisclinica/CatarsisClinica.java</file>
            <file>file:/C:/Users/pauls/OneDrive/Documents/NetBeansProjects/CatarsisClinica/src/catarsisclinica/cCrearArchivo.java</file>
            <file>file:/C:/Users/pauls/OneDrive/Documents/NetBeansProjects/CatarsisClinica/src/catarsisclinica/cCita.java</file>
            <file>file:/C:/Users/pauls/OneDrive/Documents/NetBeansProjects/CatarsisClinica/src/catarsisclinica/cDatos.java</file>
        </group>
    </open-files>
</project-private>
